date,BAGUETTE,BANETTE,BOULE 400G,CAMPAGNE,CEREAL BAGUETTE,COOKIE,CROISSANT,ECLAIR,PAIN AU CHOCOLAT,SPECIAL BREAD,TARTELETTE,TRADITIONAL BAGUETTE
2021-01-02,41.4,42.0,16.5,18.0,23.75,8.0,72.60000000000001,0.0,57.599999999999994,19.2,0.0,153.6
2021-01-03,31.5,36.75,16.5,16.2,20.0,2.0,64.9,0.0,54.0,16.8,0.0,205.2
2021-01-04,27.0,25.200000000000003,7.5,10.8,8.75,2.0,18.700000000000003,0.0,20.4,16.8,0.0,153.6
2021-01-05,26.1,27.3,9.0,5.4,8.75,6.0,13.200000000000001,0.0,7.199999999999999,16.8,0.0,118.8
2021-01-07,25.2,22.05,4.5,5.4,8.75,3.0,16.5,0.0,18.0,14.399999999999999,0.0,130.79999999999998
2021-01-08,15.3,21.0,7.5,5.4,8.75,5.0,39.6,0.0,26.4,14.399999999999999,0.0,93.6
2021-01-09,22.5,31.5,9.0,9.0,12.5,2.0,36.300000000000004,0.0,30.0,19.2,0.0,162.0
2021-01-10,32.4,36.75,10.5,9.0,11.25,4.0,52.800000000000004,0.0,50.4,19.2,0.0,168.0
2021-01-11,27.900000000000002,22.05,9.0,9.0,10.0,7.0,15.400000000000002,0.0,20.4,2.4,0.0,105.6
2021-01-12,26.1,18.9,4.5,3.6,5.0,6.0,26.400000000000002,0.0,14.399999999999999,9.6,0.0,85.19999999999999
2021-01-14,21.6,22.05,6.0,9.0,2.5,3.0,26.400000000000002,0.0,21.599999999999998,19.2,0.0,92.39999999999999
2021-01-15,17.1,25.200000000000003,4.5,9.0,11.25,2.0,40.7,0.0,31.2,16.8,0.0,102.0
2021-01-16,25.2,23.1,3.0,9.0,17.5,7.0,29.700000000000003,0.0,19.2,24.0,0.0,156.0
2021-01-17,33.300000000000004,38.85,10.5,14.4,12.5,10.0,46.2,0.0,56.4,19.2,0.0,184.79999999999998
2021-01-18,24.3,22.05,10.5,9.0,6.25,6.0,17.6,0.0,16.8,16.8,0.0,96.0
2021-01-19,18.0,17.85,7.5,1.8,1.25,8.0,25.3,0.0,13.2,16.8,0.0,112.8
2021-01-21,19.8,22.05,6.0,9.0,7.5,3.0,8.8,0.0,0.0,14.399999999999999,14.0,117.6
2021-01-22,25.2,22.05,7.5,7.2,7.5,4.0,33.0,0.0,27.599999999999998,19.2,16.0,100.8
2021-01-23,25.200000000000003,26.25,3.0,9.0,8.75,3.0,25.3,0.0,39.6,16.8,10.0,127.19999999999999
2021-01-24,31.5,29.400000000000002,13.5,9.0,12.5,7.0,42.900000000000006,18.0,26.4,24.0,28.0,171.6
2021-01-25,21.6,17.85,9.0,10.8,7.5,0.0,28.6,6.0,25.2,9.6,6.0,103.19999999999999
2021-01-26,30.6,23.1,10.5,5.4,10.0,9.0,19.8,0.0,22.799999999999997,21.6,8.0,84.0
2021-01-28,16.2,21.0,7.5,10.8,6.25,6.0,12.100000000000001,0.0,24.0,19.2,2.0,85.2
2021-01-29,24.3,25.200000000000003,6.0,7.2,15.0,3.0,24.200000000000003,10.0,21.599999999999998,9.6,20.0,81.6
2021-01-30,30.6,35.7,7.5,14.4,11.25,1.0,42.900000000000006,6.0,33.6,19.2,8.0,135.6
2021-01-31,27.0,26.25,10.5,7.2,12.5,4.0,84.7,24.0,57.599999999999994,19.2,14.0,174.0
2021-02-01,13.5,21.0,4.5,5.4,12.5,5.0,6.6000000000000005,0.0,16.8,12.0,10.0,86.39999999999999
2021-02-02,21.6,17.85,9.0,1.8,1.25,4.0,9.9,2.0,13.2,9.6,6.0,115.19999999999999
2021-02-04,23.400000000000002,16.8,10.5,7.2,12.5,1.0,31.900000000000002,0.0,22.799999999999997,16.8,6.0,109.2
2021-02-05,27.0,21.0,4.5,9.0,7.5,6.0,20.900000000000002,0.0,32.4,16.8,16.0,136.79999999999998
2021-02-06,18.0,27.3,7.5,7.2,11.25,1.0,41.800000000000004,18.0,42.0,21.599999999999998,18.0,157.2
2021-02-07,27.0,30.450000000000003,4.5,10.8,8.75,1.0,85.80000000000001,16.0,56.4,24.0,46.0,200.39999999999998
2021-02-08,19.8,13.65,10.5,3.6,2.5,3.0,30.800000000000004,8.0,16.8,19.2,26.0,127.19999999999999
2021-02-09,27.0,24.150000000000002,13.5,9.0,3.75,2.0,12.100000000000001,2.0,22.799999999999997,28.799999999999997,14.0,102.0
2021-02-11,15.3,24.150000000000002,9.0,9.0,6.25,1.0,17.6,0.0,31.2,14.399999999999999,8.0,84.0
2021-02-12,16.2,13.65,9.0,7.2,8.75,1.0,22.000000000000004,0.0,16.799999999999997,19.2,10.0,105.6
2021-02-13,24.3,35.7,10.5,9.0,11.25,1.0,36.300000000000004,10.0,36.0,24.0,10.0,136.79999999999998
2021-02-14,45.0,39.900000000000006,16.5,19.8,11.25,10.0,84.7,36.0,86.39999999999999,16.8,44.0,200.39999999999998
2021-02-15,22.5,24.150000000000002,9.0,1.8,12.5,4.0,22.0,0.0,13.2,9.6,0.0,162.0
2021-02-16,19.8,29.400000000000002,9.0,9.0,6.25,0.0,17.6,0.0,25.2,19.2,12.0,129.6
2021-02-18,29.700000000000003,28.35,4.5,10.8,10.0,4.0,12.100000000000001,0.0,6.0,19.2,10.0,105.6
2021-02-19,25.2,27.3,13.5,10.8,12.5,8.0,30.800000000000004,8.0,33.6,19.2,6.0,148.79999999999998
2021-02-20,25.2,27.3,15.0,18.0,25.0,4.0,24.200000000000003,12.0,36.0,24.0,18.0,198.0
2021-02-21,48.6,35.7,15.0,18.0,23.75,6.0,108.9,44.0,75.6,28.799999999999997,40.0,297.59999999999997
2021-02-22,44.1,30.450000000000003,12.0,19.8,25.0,2.0,56.1,20.0,51.599999999999994,24.0,6.0,196.79999999999998
2021-02-23,27.900000000000002,33.6,12.0,19.8,23.75,8.0,70.4,6.0,45.599999999999994,19.2,12.0,214.79999999999998
2021-02-25,32.4,39.9,12.0,18.0,23.75,2.0,58.300000000000004,0.0,43.199999999999996,21.599999999999998,6.0,252.0
2021-02-26,27.900000000000002,36.75,15.0,16.2,25.0,11.0,51.7,8.0,73.2,21.599999999999998,28.0,266.4
2021-02-27,47.7,51.45,22.5,18.0,23.75,0.0,62.7,24.0,56.4,38.4,38.0,412.79999999999995
2021-02-28,67.5,64.05,28.5,32.4,26.25,9.0,146.3,70.0,163.2,45.599999999999994,44.0,511.2
2021-03-01,32.4,31.500000000000004,6.0,16.2,25.0,3.0,45.1,0.0,43.199999999999996,19.2,16.0,241.2
2021-03-02,27.900000000000002,39.900000000000006,15.0,19.8,25.0,6.0,20.900000000000002,0.0,31.2,19.2,18.0,238.79999999999998
2021-03-04,33.300000000000004,39.900000000000006,15.0,18.0,21.25,5.0,27.5,0.0,42.0,19.2,24.0,232.79999999999998
2021-03-05,39.6,39.9,15.0,16.2,22.5,9.0,38.5,14.0,43.199999999999996,19.2,4.0,229.2
2021-03-06,43.2,42.0,15.0,18.0,13.75,6.0,48.400000000000006,18.0,61.2,24.0,26.0,331.2
2021-03-07,44.1,49.35,22.5,16.2,22.5,5.0,91.30000000000001,40.0,94.8,24.0,44.0,326.4
2021-03-08,18.9,28.35,9.0,3.6,10.0,5.0,14.3,8.0,28.799999999999997,24.0,18.0,162.0
2021-03-09,32.4,33.6,9.0,10.8,8.75,6.0,23.1,2.0,38.4,24.0,18.0,158.4
2021-03-11,20.7,34.650000000000006,10.5,9.0,12.5,4.0,41.800000000000004,0.0,33.6,19.2,10.0,162.0
2021-03-12,31.5,32.550000000000004,15.0,14.4,8.75,7.0,33.0,18.0,45.6,19.2,12.0,156.0
2021-03-13,31.5,37.800000000000004,13.5,10.8,11.25,2.0,72.60000000000001,42.0,61.199999999999996,24.0,56.0,235.2
2021-03-14,43.2,47.25,28.5,18.0,12.5,5.0,105.60000000000001,46.0,85.2,24.0,50.0,344.4
2021-03-15,26.1,29.400000000000002,7.5,10.8,8.75,11.0,23.1,6.0,37.199999999999996,24.0,20.0,163.2
2021-03-16,23.4,30.450000000000003,7.5,9.0,11.25,3.0,28.6,12.0,36.0,14.399999999999999,10.0,182.4
2021-03-18,15.3,23.1,10.5,5.4,6.25,3.0,9.9,0.0,19.2,16.8,8.0,110.39999999999999
2021-03-19,25.2,27.3,4.5,7.2,12.5,6.0,29.700000000000003,20.0,42.0,12.0,6.0,120.0
2021-03-20,36.9,35.7,15.0,14.4,8.75,4.0,44.00000000000001,20.0,45.599999999999994,24.0,8.0,273.59999999999997
2021-03-21,34.2,43.050000000000004,13.5,18.0,12.5,2.0,78.10000000000001,44.0,59.99999999999999,24.0,36.0,284.4
2021-03-22,21.6,25.200000000000003,9.0,9.0,8.75,8.0,30.8,2.0,22.799999999999997,19.2,6.0,174.0
2021-03-23,20.7,14.700000000000001,9.0,7.2,12.5,6.0,24.200000000000003,0.0,15.6,12.0,16.0,142.79999999999998
2021-03-25,22.5,32.55,9.0,10.8,12.5,5.0,27.500000000000004,0.0,18.0,19.2,12.0,171.6
2021-03-26,30.6,42.0,10.5,10.8,12.5,6.0,35.2,6.0,42.0,14.399999999999999,10.0,147.6
2021-03-27,35.1,38.85,9.0,10.8,11.25,3.0,23.1,24.0,26.4,16.8,16.0,169.2
2021-03-28,44.1,43.050000000000004,9.0,14.4,17.5,3.0,82.5,42.0,51.599999999999994,24.0,38.0,276.0
2021-03-29,40.5,27.3,7.5,9.0,7.5,3.0,11.0,0.0,15.6,12.0,10.0,156.0
2021-03-30,27.0,39.900000000000006,13.5,14.4,11.25,2.0,34.1,0.0,31.2,16.8,8.0,169.2
2021-04-01,26.1,25.200000000000003,7.5,10.8,12.5,3.0,22.0,0.0,19.2,12.0,18.0,135.6
2021-04-02,31.5,40.95,10.5,3.6,26.25,9.0,22.0,20.0,37.199999999999996,14.399999999999999,16.0,177.6
2021-04-03,32.4,45.15,12.0,12.6,25.0,8.0,66.0,22.0,48.0,33.599999999999994,4.0,352.79999999999995
2021-04-04,81.9,85.05000000000001,28.5,36.0,30.0,2.0,132.0,42.0,123.6,38.4,28.0,480.0
2021-04-05,39.6,50.4,13.5,19.8,38.75,3.0,49.50000000000001,18.0,51.599999999999994,36.0,8.0,301.2
2021-04-06,26.1,45.150000000000006,7.5,10.8,23.75,3.0,23.1,0.0,28.799999999999997,24.0,24.0,195.6
2021-04-08,27.900000000000002,35.7,6.0,12.6,25.0,3.0,29.700000000000003,14.0,37.199999999999996,16.8,4.0,174.0
2021-04-09,23.4,25.200000000000003,4.5,5.4,17.5,3.0,17.6,6.0,12.0,21.599999999999998,6.0,164.4
2021-04-10,28.8,31.500000000000004,9.0,12.6,25.0,10.0,48.400000000000006,32.0,42.0,21.599999999999998,0.0,213.6
2021-04-11,47.7,35.7,15.0,10.8,22.5,3.0,70.4,36.0,48.0,24.0,42.0,320.4
2021-04-12,27.900000000000002,33.6,6.0,16.2,26.25,8.0,24.200000000000003,2.0,24.0,21.599999999999998,6.0,204.0
2021-04-13,26.1,29.400000000000002,13.5,12.6,25.0,5.0,33.0,14.0,43.199999999999996,16.8,6.0,193.2
2021-04-14,14.4,26.25,4.5,3.6,23.75,8.0,29.700000000000003,6.0,14.399999999999999,16.8,6.0,140.4
2021-04-15,21.6,39.9,6.0,18.0,16.25,9.0,13.200000000000001,8.0,16.8,14.399999999999999,10.0,165.6
2021-04-16,31.5,30.450000000000003,10.5,16.2,25.0,6.0,36.300000000000004,12.0,45.599999999999994,24.0,18.0,202.79999999999998
2021-04-17,29.7,31.5,9.0,14.4,25.0,8.0,78.10000000000001,20.0,55.199999999999996,14.399999999999999,4.0,260.4
2021-04-18,36.9,57.75,31.5,28.8,25.0,6.0,104.5,52.0,98.39999999999999,45.6,54.0,394.79999999999995
2021-04-19,24.3,28.35,10.5,7.2,25.0,5.0,30.8,0.0,22.799999999999997,9.6,4.0,163.2
2021-04-20,26.1,26.25,12.0,18.0,26.25,4.0,40.7,12.0,49.199999999999996,24.0,4.0,252.0
2021-04-21,22.5,27.3,6.0,10.8,18.75,6.0,34.1,2.0,25.2,9.6,6.0,193.2
2021-04-22,27.0,46.2,15.0,18.0,25.0,11.0,28.6,24.0,36.0,26.4,10.0,238.79999999999998
2021-04-23,30.6,36.75,6.0,12.6,18.75,3.0,30.800000000000004,2.0,32.4,16.8,8.0,211.2
2021-04-24,36.9,46.2,10.5,7.2,21.25,6.0,72.60000000000001,18.0,60.0,31.2,16.0,316.8
2021-04-25,47.7,49.35,10.5,18.0,35.0,4.0,125.4,58.0,112.8,31.2,44.0,352.8
2021-04-26,23.400000000000002,39.900000000000006,10.5,9.0,13.75,10.0,39.6,0.0,45.599999999999994,12.0,14.0,163.2
2021-04-27,28.8,35.7,9.0,5.4,7.5,5.0,31.900000000000002,0.0,24.0,24.0,10.0,127.19999999999999
2021-04-28,20.7,26.25,6.0,14.4,12.5,8.0,30.800000000000004,12.0,21.599999999999998,14.399999999999999,10.0,168.0
2021-04-29,25.2,28.35,4.5,18.0,12.5,5.0,25.3,4.0,30.0,9.6,14.0,156.0
2021-04-30,22.5,29.400000000000002,9.0,7.2,12.5,7.0,33.0,12.0,20.4,14.399999999999999,6.0,162.0
2021-05-01,27.900000000000002,53.550000000000004,7.5,19.8,23.75,5.0,60.50000000000001,32.0,42.0,16.8,12.0,292.8
2021-05-02,43.2,56.7,19.5,19.8,18.75,7.0,86.9,24.0,87.6,9.6,30.0,361.2
2021-05-03,26.1,30.450000000000003,12.0,9.0,12.5,7.0,44.0,16.0,31.2,19.2,6.0,187.2
2021-05-04,23.400000000000002,29.400000000000002,7.5,12.6,10.0,6.0,17.6,6.0,20.4,19.2,8.0,196.79999999999998
2021-05-05,27.0,32.550000000000004,9.0,9.0,7.5,6.0,51.7,4.0,38.4,16.8,8.0,202.79999999999998
2021-05-06,19.8,29.400000000000002,4.5,12.6,12.5,3.0,20.900000000000002,16.0,32.4,19.2,12.0,164.4
2021-05-07,26.1,39.9,12.0,14.4,12.5,7.0,35.2,0.0,30.0,16.8,28.0,157.2
2021-05-08,46.8,51.45,21.0,16.2,35.0,8.0,70.4,24.0,87.6,33.6,40.0,296.4
2021-05-09,40.5,59.85,22.5,27.0,35.0,8.0,94.60000000000001,44.0,58.8,36.0,88.0,392.4
2021-05-10,23.400000000000002,27.3,18.0,7.2,12.5,6.0,28.6,18.0,25.2,16.8,24.0,199.2
2021-05-11,35.1,31.5,13.5,1.8,11.25,5.0,20.900000000000002,8.0,36.0,21.599999999999998,8.0,174.0
2021-05-12,36.9,38.85,13.5,19.8,20.0,5.0,30.800000000000004,10.0,30.0,24.0,32.0,290.4
2021-05-13,51.300000000000004,52.5,18.0,28.8,26.25,3.0,72.60000000000001,34.0,78.0,38.4,22.0,445.2
2021-05-14,58.5,75.60000000000001,12.0,19.8,38.75,8.0,119.9,40.0,132.0,48.0,16.0,499.2
2021-05-15,74.7,67.2,19.5,10.8,25.0,9.0,123.2,22.0,147.6,45.6,38.0,578.4
2021-05-16,65.7,55.650000000000006,24.0,27.0,23.75,8.0,207.9,48.0,172.79999999999998,38.4,88.0,507.59999999999997
2021-05-21,19.8,26.250000000000004,4.5,16.2,10.0,5.0,24.200000000000003,12.0,20.4,16.8,4.0,121.19999999999999
2021-05-22,39.6,44.1,3.0,18.0,20.0,5.0,95.7,14.0,75.6,24.0,16.0,332.4
2021-05-23,61.2,97.65,18.0,27.0,17.5,12.0,150.70000000000002,56.0,120.0,36.0,56.0,487.2
2021-05-24,45.900000000000006,53.550000000000004,12.0,27.0,22.5,9.0,123.2,34.0,128.4,33.6,28.0,418.79999999999995
2021-05-25,33.3,35.7,10.5,9.0,21.25,5.0,35.2,8.0,36.0,21.599999999999998,20.0,166.79999999999998
2021-05-26,17.1,31.5,9.0,9.0,13.75,2.0,8.8,6.0,9.6,19.2,14.0,153.6
2021-05-27,28.8,42.0,3.0,9.0,7.5,4.0,23.1,8.0,14.399999999999999,21.599999999999998,2.0,144.0
2021-05-28,17.1,36.75,10.5,10.8,11.25,12.0,13.200000000000001,12.0,27.599999999999998,19.2,6.0,177.6
2021-05-29,45.0,56.7,12.0,19.8,1.25,10.0,74.80000000000001,0.0,58.8,19.2,6.0,279.59999999999997
2021-05-30,49.5,45.150000000000006,19.5,27.0,18.75,6.0,116.60000000000001,36.0,93.6,31.2,42.0,388.8
2021-05-31,24.3,37.800000000000004,12.0,14.4,12.5,3.0,24.200000000000003,8.0,22.8,19.2,0.0,151.2
2021-06-01,26.1,31.5,10.5,3.6,11.25,2.0,33.0,2.0,10.8,19.2,4.0,181.2
2021-06-02,18.0,31.5,4.5,9.0,16.25,4.0,25.3,6.0,25.2,14.399999999999999,4.0,103.2
2021-06-03,17.1,21.0,1.5,7.2,7.5,4.0,15.400000000000002,16.0,16.8,12.0,6.0,140.4
2021-06-04,27.900000000000002,37.800000000000004,6.0,14.4,13.75,3.0,49.5,10.0,50.4,19.2,16.0,182.4
2021-06-05,63.0,50.400000000000006,10.5,7.2,20.0,5.0,79.2,24.0,55.199999999999996,24.0,24.0,212.39999999999998
2021-06-06,70.2,48.300000000000004,22.5,10.8,30.0,15.0,123.2,26.0,111.6,33.6,42.0,394.79999999999995
2021-06-07,25.2,31.500000000000004,12.0,7.2,21.25,5.0,25.3,0.0,19.2,12.0,2.0,139.2
2021-06-08,26.1,31.5,7.5,5.4,10.0,9.0,41.800000000000004,14.0,36.0,19.2,14.0,138.0
2021-06-09,21.6,17.85,12.0,1.8,18.75,1.0,33.0,10.0,40.8,16.8,6.0,124.8
2021-06-10,26.1,35.7,3.0,12.6,12.5,7.0,25.3,6.0,43.199999999999996,16.8,8.0,133.2
2021-06-11,19.8,37.800000000000004,9.0,3.6,13.75,3.0,44.0,14.0,38.4,19.2,14.0,129.6
2021-06-12,36.0,33.6,10.5,14.4,17.5,2.0,68.2,6.0,80.39999999999999,21.599999999999998,2.0,267.59999999999997
2021-06-13,48.6,50.400000000000006,22.5,18.0,30.0,11.0,121.0,14.0,134.4,36.0,36.0,454.79999999999995
2021-06-14,35.1,34.65,12.0,14.4,25.0,2.0,29.700000000000003,0.0,33.6,21.599999999999998,0.0,162.0
2021-06-15,17.1,35.7,7.5,9.0,17.5,11.0,35.2,4.0,36.0,19.2,2.0,134.4
2021-06-16,19.8,31.5,9.0,12.6,8.75,10.0,41.800000000000004,6.0,25.2,14.399999999999999,8.0,163.2
2021-06-17,25.2,31.5,12.0,5.4,15.0,6.0,18.700000000000003,8.0,27.599999999999998,12.0,4.0,132.0
2021-06-18,22.5,34.650000000000006,9.0,10.8,16.25,11.0,29.700000000000003,0.0,24.0,14.4,18.0,145.2
2021-06-19,45.0,44.1,4.5,18.0,32.5,2.0,50.6,10.0,55.199999999999996,21.6,8.0,255.6
2021-06-20,54.0,50.400000000000006,18.0,18.0,32.5,9.0,132.0,24.0,103.19999999999999,24.0,50.0,388.79999999999995
2021-06-21,34.2,30.450000000000003,12.0,10.8,20.0,8.0,37.400000000000006,10.0,12.0,14.399999999999999,6.0,207.6
2021-06-22,31.5,26.25,6.0,10.8,17.5,10.0,14.3,20.0,36.0,9.6,18.0,152.4
2021-06-23,19.8,24.150000000000002,12.0,9.0,16.25,8.0,19.800000000000004,12.0,10.8,16.8,14.0,148.79999999999998
2021-06-24,30.6,37.800000000000004,7.5,16.2,23.75,9.0,35.2,8.0,26.4,24.0,14.0,171.6
2021-06-25,20.7,25.200000000000003,12.0,12.6,16.25,5.0,36.300000000000004,10.0,39.6,21.599999999999998,18.0,165.6
2021-06-26,45.0,34.650000000000006,13.5,7.2,37.5,7.0,73.7,12.0,57.599999999999994,16.8,2.0,260.4
2021-06-27,45.9,56.7,16.5,21.6,40.0,11.0,135.3,36.0,100.8,31.2,42.0,429.59999999999997
2021-06-28,16.2,19.95,12.0,9.0,18.75,1.0,31.900000000000002,0.0,27.599999999999998,12.0,0.0,186.0
2021-06-29,24.3,24.150000000000002,6.0,10.8,7.5,4.0,24.200000000000003,10.0,19.2,16.8,10.0,156.0
2021-06-30,18.900000000000002,30.450000000000003,6.0,12.6,12.5,2.0,20.900000000000002,8.0,15.6,16.8,0.0,188.39999999999998
2021-07-01,24.3,31.5,10.5,19.8,15.0,6.0,31.900000000000002,0.0,40.8,19.2,18.0,168.0
2021-07-02,18.900000000000002,37.800000000000004,9.0,7.2,12.5,3.0,30.800000000000004,8.0,49.199999999999996,24.0,10.0,164.4
2021-07-03,31.5,43.050000000000004,12.0,37.8,21.25,9.0,68.2,16.0,55.199999999999996,28.799999999999997,14.0,321.59999999999997
2021-07-04,52.2,71.4,13.5,25.2,26.25,7.0,112.20000000000002,44.0,94.8,26.4,46.0,390.0
2021-07-05,30.6,40.95,7.5,16.2,21.25,10.0,38.5,6.0,26.4,24.0,26.0,237.6
2021-07-06,33.300000000000004,33.6,12.0,10.8,23.75,11.0,51.7,26.0,36.0,19.2,12.0,202.79999999999998
2021-07-07,36.0,29.400000000000002,7.5,7.2,13.75,4.0,31.900000000000002,16.0,43.2,19.2,18.0,240.0
2021-07-08,29.7,43.050000000000004,10.5,18.0,18.75,10.0,46.2,16.0,30.0,28.8,10.0,252.0
2021-07-09,32.4,50.400000000000006,16.5,19.8,13.75,8.0,55.0,14.0,44.4,28.799999999999997,18.0,250.79999999999998
2021-07-10,32.4,58.800000000000004,21.0,28.8,31.25,7.0,84.7,14.0,79.2,24.0,2.0,421.2
2021-07-11,67.5,91.35000000000001,28.5,27.0,26.25,5.0,146.3,60.0,111.6,57.599999999999994,48.0,525.6
2021-07-12,44.1,84.0,24.0,18.0,33.75,15.0,69.30000000000001,6.0,70.8,36.0,10.0,414.0
2021-07-13,45.0,53.550000000000004,12.0,14.4,30.0,11.0,60.50000000000001,12.0,50.4,28.799999999999997,18.0,349.2
2021-07-14,56.7,82.95,25.5,25.2,37.5,5.0,100.10000000000001,34.0,84.0,48.0,28.0,483.59999999999997
2021-07-15,44.1,61.95,21.0,23.400000000000002,37.5,13.0,90.2,8.0,70.8,31.2,14.0,402.0
2021-07-16,55.800000000000004,74.55,19.5,18.0,27.5,3.0,70.4,4.0,78.0,38.4,18.0,328.8
2021-07-17,49.5,84.0,19.5,27.0,37.5,7.0,156.20000000000002,18.0,123.6,33.6,8.0,556.8
2021-07-18,94.5,86.10000000000001,46.5,34.2,23.75,1.0,204.60000000000002,20.0,144.0,52.8,24.0,295.2
2021-07-19,37.800000000000004,76.65,36.0,41.4,38.75,1.0,127.60000000000001,16.0,51.599999999999994,45.599999999999994,18.0,403.2
2021-07-20,50.4,77.7,9.0,9.0,23.75,11.0,93.5,10.0,78.0,38.4,12.0,376.79999999999995
2021-07-21,49.5,70.35000000000001,9.0,32.4,31.25,8.0,72.60000000000001,22.0,38.4,38.4,14.0,352.79999999999995
2021-07-22,55.800000000000004,72.45,28.5,25.2,30.0,13.0,63.800000000000004,20.0,81.6,45.599999999999994,18.0,271.2
2021-07-23,50.4,76.65,12.0,14.4,20.0,10.0,80.30000000000001,8.0,88.8,38.4,60.0,309.59999999999997
2021-07-24,53.1,85.05000000000001,19.5,25.2,31.25,12.0,129.8,22.0,134.4,31.2,16.0,460.79999999999995
2021-07-25,80.10000000000001,85.05000000000001,28.5,36.0,31.25,7.0,163.9,30.0,134.39999999999998,52.8,70.0,526.8
2021-07-26,50.4,84.0,24.0,21.6,28.75,8.0,80.30000000000001,22.0,52.8,48.0,26.0,428.4
2021-07-27,35.1,77.7,25.5,30.6,35.0,10.0,64.9,2.0,42.0,45.6,4.0,346.8
2021-07-28,43.2,82.95,12.0,12.6,31.25,13.0,102.30000000000001,14.0,76.8,28.799999999999997,8.0,373.2
2021-07-29,50.4,91.35000000000001,18.0,18.0,26.25,9.0,58.300000000000004,18.0,48.0,16.8,12.0,378.0
2021-07-30,56.7,70.35000000000001,21.0,16.2,21.25,5.0,58.300000000000004,12.0,73.2,26.4,16.0,374.4
2021-07-31,47.7,90.30000000000001,18.0,25.2,25.0,10.0,91.30000000000001,14.0,105.6,36.0,26.0,472.79999999999995
2021-08-01,70.2,87.15,24.0,25.2,27.5,6.0,148.5,48.0,124.8,52.8,48.0,586.8
2021-08-02,62.1,92.4,24.0,30.6,26.25,3.0,124.30000000000001,20.0,130.79999999999998,33.6,20.0,428.4
2021-08-03,75.60000000000001,95.55000000000001,27.0,34.2,37.5,11.0,113.30000000000001,30.0,115.19999999999999,52.8,34.0,405.59999999999997
2021-08-04,51.300000000000004,58.800000000000004,13.5,18.0,31.25,16.0,63.800000000000004,16.0,88.8,36.0,8.0,403.2
2021-08-05,41.4,63.0,21.0,27.0,28.75,10.0,68.2,18.0,66.0,40.8,24.0,451.2
2021-08-06,45.9,67.2,4.5,25.2,23.75,21.0,78.10000000000001,34.0,88.8,48.0,12.0,380.4
2021-08-07,57.6,98.7,16.5,27.0,25.0,11.0,83.60000000000001,22.0,64.8,48.0,20.0,540.0
2021-08-08,79.2,84.0,30.0,28.8,30.0,7.0,178.20000000000002,44.0,140.4,48.0,50.0,631.1999999999999
2021-08-09,62.1,67.2,34.5,27.0,31.25,13.0,124.30000000000001,4.0,116.39999999999999,38.4,30.0,540.0
2021-08-10,52.2,68.25,22.5,21.6,30.0,15.0,78.10000000000001,16.0,70.8,31.2,20.0,452.4
2021-08-11,62.1,89.25,3.0,25.2,30.0,13.0,119.9,4.0,81.6,38.4,22.0,538.8
2021-08-12,72.0,78.75,24.0,27.0,32.5,18.0,123.2,12.0,109.19999999999999,36.0,34.0,556.8
2021-08-13,50.4,80.85000000000001,18.0,16.2,27.5,17.0,102.30000000000001,8.0,112.8,12.0,12.0,441.59999999999997
2021-08-14,57.6,82.95,12.0,27.0,33.75,24.0,116.60000000000001,10.0,117.6,36.0,28.0,637.1999999999999
2021-08-15,92.7,133.35,30.0,32.4,27.5,19.0,204.60000000000002,48.0,226.79999999999998,45.599999999999994,58.0,646.8
2021-08-16,47.7,88.2,22.5,23.400000000000002,27.5,17.0,82.5,6.0,64.8,36.0,26.0,578.4
2021-08-17,49.5,47.25,13.5,21.6,28.75,11.0,83.60000000000001,16.0,75.6,21.599999999999998,18.0,408.0
2021-08-18,49.5,69.3,10.5,23.400000000000002,23.75,14.0,84.7,18.0,67.2,33.6,28.0,523.1999999999999
2021-08-19,47.7,81.9,22.5,25.200000000000003,31.25,8.0,74.80000000000001,12.0,86.39999999999999,31.2,36.0,466.79999999999995
2021-08-20,49.5,50.4,3.0,19.8,20.0,10.0,92.4,4.0,78.0,21.599999999999998,8.0,375.59999999999997
2021-08-21,66.6,89.25,12.0,36.0,25.0,10.0,150.70000000000002,18.0,142.79999999999998,38.4,38.0,499.2
2021-08-22,61.2,76.65,21.0,23.4,25.0,10.0,158.4,54.0,184.79999999999998,36.0,30.0,573.6
2021-08-23,62.1,67.2,15.0,23.4,25.0,5.0,81.4,4.0,72.0,36.0,20.0,356.4
2021-08-24,72.9,52.5,15.0,19.8,17.5,13.0,83.60000000000001,24.0,51.599999999999994,36.0,12.0,338.4
2021-08-25,49.5,51.45,13.5,19.8,25.0,10.0,40.7,0.0,27.599999999999998,19.2,18.0,354.0
2021-08-26,58.5,65.10000000000001,19.5,27.0,22.5,14.0,88.00000000000001,16.0,86.39999999999999,26.4,18.0,386.4
2021-08-27,34.2,51.45,13.5,16.2,20.0,12.0,47.300000000000004,14.0,40.8,19.2,28.0,303.59999999999997
2021-08-28,58.5,57.75,22.5,23.400000000000002,23.75,18.0,85.80000000000001,26.0,80.39999999999999,26.4,18.0,349.2
2021-08-29,68.4,68.25,30.0,27.0,28.75,12.0,110.00000000000001,24.0,88.8,38.4,50.0,470.4
2021-08-30,29.700000000000003,47.25,12.0,18.0,23.75,9.0,66.0,18.0,43.199999999999996,19.2,16.0,248.39999999999998
2021-08-31,31.5,43.050000000000004,9.0,9.0,15.0,6.0,52.800000000000004,6.0,62.4,14.399999999999999,24.0,181.2
2021-09-01,29.700000000000003,30.450000000000003,12.0,5.4,20.0,3.0,40.7,6.0,19.2,21.599999999999998,22.0,201.6
2021-09-02,26.1,46.2,10.5,10.8,23.75,4.0,51.7,8.0,26.4,4.8,18.0,186.0
2021-09-03,32.4,29.400000000000002,10.5,9.0,17.5,5.0,41.800000000000004,6.0,45.599999999999994,19.2,28.0,224.39999999999998
2021-09-04,44.1,45.15,28.5,37.8,18.75,11.0,77.0,6.0,79.2,24.0,12.0,316.79999999999995
2021-09-05,68.4,66.15,16.5,19.8,38.75,9.0,123.20000000000002,38.0,92.39999999999999,21.599999999999998,60.0,301.2
2021-09-06,34.2,36.75,6.0,14.4,12.5,3.0,44.0,6.0,21.599999999999998,24.0,2.0,190.79999999999998
2021-09-07,42.300000000000004,46.2,3.0,14.4,15.0,6.0,28.6,6.0,32.4,21.599999999999998,14.0,159.6
2021-09-08,16.2,36.75,7.5,7.2,13.75,1.0,36.300000000000004,8.0,32.4,24.0,14.0,195.6
2021-09-09,35.1,39.900000000000006,1.5,10.8,6.25,2.0,45.1,18.0,14.4,24.0,4.0,201.6
2021-09-10,28.8,26.25,15.0,12.6,12.5,4.0,34.1,14.0,28.8,19.2,8.0,159.6
2021-09-11,60.300000000000004,40.95,22.5,19.8,22.5,4.0,78.10000000000001,18.0,39.6,36.0,10.0,266.4
2021-09-12,61.2,55.650000000000006,18.0,25.200000000000003,15.0,5.0,129.8,38.0,106.8,33.6,48.0,333.59999999999997
2021-09-13,42.300000000000004,34.65,10.5,18.0,21.25,10.0,25.3,0.0,37.199999999999996,26.4,0.0,196.79999999999998
2021-09-14,21.6,30.450000000000003,10.5,7.2,8.75,9.0,26.400000000000002,6.0,27.599999999999998,4.8,8.0,126.0
2021-09-15,21.6,22.05,6.0,5.4,15.0,8.0,30.800000000000004,18.0,24.0,16.8,20.0,138.0
2021-09-16,33.300000000000004,40.95,10.5,9.0,12.5,4.0,28.6,2.0,27.6,4.8,14.0,128.4
2021-09-17,26.1,36.75,1.5,9.0,13.75,6.0,25.3,8.0,36.0,9.6,8.0,133.2
2021-09-18,43.2,45.15,24.0,10.8,37.5,1.0,57.2,6.0,51.6,21.599999999999998,30.0,214.79999999999998
2021-09-19,35.1,45.150000000000006,13.5,12.6,35.0,7.0,96.80000000000001,16.0,51.599999999999994,26.4,30.0,272.4
2021-09-20,26.1,32.550000000000004,10.5,12.6,15.0,0.0,37.400000000000006,6.0,27.6,12.0,18.0,198.0
2021-09-21,21.6,29.400000000000002,10.5,10.8,13.75,10.0,23.1,8.0,27.599999999999998,12.0,22.0,162.0
2021-09-22,2.7,7.3500000000000005,0.0,1.8,2.5,0.0,0.0,0.0,0.0,4.8,0.0,38.4
2021-09-23,24.3,31.5,4.5,10.8,10.0,2.0,36.300000000000004,12.0,37.199999999999996,7.199999999999999,4.0,135.6
2021-09-24,38.7,40.95,12.0,16.2,25.0,3.0,22.0,6.0,38.4,21.599999999999998,14.0,130.79999999999998
2021-09-25,37.8,59.85,18.0,43.199999999999996,25.0,7.0,62.7,6.0,54.0,16.8,4.0,236.39999999999998
2021-09-26,40.5,43.050000000000004,21.0,12.600000000000001,20.0,7.0,104.50000000000001,14.0,80.39999999999999,26.4,34.0,254.39999999999998
2021-09-27,21.6,19.950000000000003,7.5,5.4,6.25,8.0,19.8,4.0,22.799999999999997,2.4,0.0,135.6
2021-09-28,24.3,17.85,4.5,7.2,20.0,1.0,23.1,0.0,32.4,9.6,2.0,111.6
2021-09-29,15.3,28.35,9.0,7.2,8.75,1.0,20.900000000000002,4.0,32.4,14.399999999999999,10.0,129.6
2021-09-30,19.8,25.200000000000003,4.5,5.4,13.75,1.0,28.6,0.0,22.8,14.399999999999999,14.0,118.8
2021-10-01,24.3,26.25,9.0,3.6,12.5,4.0,23.1,8.0,28.799999999999997,7.199999999999999,10.0,134.4
2021-10-02,28.8,14.700000000000001,10.5,7.2,11.25,5.0,49.5,12.0,50.4,9.6,18.0,165.6
2021-10-03,36.9,32.550000000000004,12.0,9.0,11.25,11.0,80.30000000000001,44.0,57.599999999999994,19.2,36.0,223.2
2021-10-04,26.1,26.25,9.0,5.4,6.25,7.0,22.0,2.0,26.4,16.8,0.0,147.6
2021-10-05,21.6,13.65,10.5,3.6,3.75,5.0,15.4,8.0,27.599999999999998,4.8,4.0,115.2
2021-10-06,18.900000000000002,22.05,4.5,7.2,3.75,9.0,19.8,0.0,27.599999999999998,12.0,18.0,130.79999999999998
2021-10-07,29.700000000000003,31.500000000000004,12.0,9.0,3.75,7.0,31.900000000000002,0.0,32.4,14.399999999999999,34.0,120.0
2021-10-08,21.6,31.5,12.0,18.0,10.0,10.0,24.200000000000003,16.0,32.4,14.399999999999999,20.0,142.79999999999998
2021-10-09,39.6,46.2,12.0,9.0,10.0,3.0,45.1,18.0,45.6,21.6,22.0,212.39999999999998
2021-10-10,43.2,51.45,13.5,16.2,10.0,7.0,104.5,36.0,84.0,21.599999999999998,28.0,288.0
2021-10-11,25.2,16.8,6.0,9.0,5.0,0.0,34.1,0.0,26.4,12.0,14.0,132.0
2021-10-12,13.5,16.8,3.0,3.6,11.25,4.0,17.6,0.0,20.4,7.199999999999999,0.0,86.39999999999999
2021-10-13,9.9,18.9,3.0,3.6,7.5,0.0,24.200000000000003,18.0,28.799999999999997,7.199999999999999,8.0,111.6
2021-10-14,18.9,16.8,7.5,9.0,10.0,2.0,17.6,4.0,18.0,2.4,8.0,110.39999999999999
2021-10-15,16.2,10.5,3.0,5.4,3.75,2.0,47.300000000000004,0.0,37.199999999999996,9.6,8.0,99.6
2021-10-16,24.3,31.5,37.5,9.0,8.75,6.0,52.800000000000004,8.0,27.6,14.399999999999999,2.0,198.0
2021-10-17,44.1,38.85,15.0,12.6,8.75,5.0,91.30000000000001,24.0,69.6,19.2,38.0,249.6
2021-10-18,25.2,22.05,6.0,9.0,11.25,1.0,19.8,2.0,9.6,14.4,2.0,104.39999999999999
2021-10-19,17.1,27.3,9.0,3.6,5.0,7.0,24.200000000000003,0.0,27.599999999999998,2.4,6.0,171.6
2021-10-20,12.6,13.65,7.5,1.8,5.0,4.0,20.900000000000002,2.0,24.0,4.8,14.0,133.2
2021-10-21,29.7,28.35,9.0,9.0,5.0,5.0,26.400000000000002,4.0,22.799999999999997,14.399999999999999,22.0,147.6
2021-10-22,27.900000000000002,27.3,3.0,3.6,2.5,1.0,28.6,0.0,25.2,14.399999999999999,16.0,141.6
2021-10-23,43.2,33.6,15.0,16.2,18.75,14.0,52.800000000000004,8.0,54.0,2.4,14.0,259.2
2021-10-24,48.6,64.05,12.0,19.8,18.75,6.0,105.60000000000001,38.0,81.6,24.0,38.0,302.4
2021-10-25,36.0,35.7,9.0,10.8,21.25,10.0,27.500000000000004,8.0,31.2,19.2,14.0,180.0
2021-10-26,34.2,44.1,12.0,14.4,13.75,10.0,45.1,10.0,46.8,16.8,8.0,218.39999999999998
2021-10-27,20.7,33.6,12.0,10.8,16.25,9.0,23.1,20.0,56.4,14.399999999999999,12.0,222.0
2021-10-28,21.6,37.800000000000004,16.5,16.2,18.75,8.0,24.200000000000003,4.0,33.6,19.2,8.0,229.2
2021-10-29,34.2,30.450000000000003,9.0,18.0,21.25,3.0,33.0,0.0,50.4,26.4,16.0,205.2
2021-10-30,41.4,59.85,16.5,23.4,18.75,8.0,75.9,32.0,54.0,36.0,22.0,308.4
2021-10-31,49.5,95.55000000000001,24.0,18.0,22.5,7.0,130.9,58.0,115.2,24.0,56.0,442.79999999999995
2021-11-01,27.900000000000002,70.35000000000001,21.0,16.2,23.75,3.0,50.6,44.0,91.19999999999999,28.799999999999997,52.0,430.79999999999995
2021-11-02,24.3,28.35,18.0,5.4,21.25,4.0,41.800000000000004,14.0,45.599999999999994,19.2,8.0,220.79999999999998
2021-11-03,42.300000000000004,34.65,4.5,21.6,22.5,8.0,27.5,0.0,24.0,21.599999999999998,20.0,212.39999999999998
2021-11-04,22.5,52.5,3.0,3.6,12.5,4.0,27.5,30.0,23.999999999999996,16.8,10.0,192.0
2021-11-05,29.7,23.1,7.5,9.0,20.0,2.0,36.300000000000004,10.0,27.599999999999998,14.399999999999999,18.0,190.79999999999998
2021-11-06,24.3,37.800000000000004,7.5,7.2,15.0,3.0,53.900000000000006,10.0,70.8,16.8,12.0,235.2
2021-11-07,27.900000000000002,43.050000000000004,6.0,12.6,15.0,2.0,62.7,36.0,52.8,19.2,30.0,208.79999999999998
2021-11-08,55.800000000000004,19.95,4.5,41.4,5.0,1.0,18.700000000000003,2.0,36.0,12.0,8.0,102.0
2021-11-09,38.7,17.85,3.0,9.0,10.0,5.0,15.400000000000002,2.0,14.4,14.399999999999999,14.0,110.39999999999999
2021-11-10,15.3,31.5,9.0,9.0,13.75,5.0,17.6,10.0,34.8,12.0,18.0,115.19999999999999
2021-11-11,27.0,40.95,10.5,12.6,11.25,5.0,58.300000000000004,8.0,49.199999999999996,19.2,12.0,210.0
2021-11-12,14.4,28.35,12.0,9.0,12.5,6.0,15.400000000000002,8.0,22.799999999999997,12.0,6.0,126.0
2021-11-13,22.5,31.5,7.5,9.0,12.5,6.0,36.300000000000004,22.0,25.2,16.8,24.0,169.2
2021-11-14,34.2,38.85,15.0,14.4,11.25,3.0,89.10000000000001,12.0,84.0,12.0,26.0,210.0
2021-11-15,24.3,27.3,7.5,1.8,11.25,3.0,30.800000000000004,6.0,3.5999999999999996,9.6,0.0,106.8
2021-11-16,14.4,13.65,6.0,5.4,5.0,5.0,19.8,0.0,22.8,7.199999999999999,4.0,84.0
2021-11-18,18.0,26.25,1.5,9.0,12.5,1.0,23.1,0.0,15.6,12.0,14.0,100.8
2021-11-19,23.400000000000002,15.75,6.0,5.4,1.25,7.0,30.800000000000004,0.0,15.6,14.399999999999999,10.0,117.6
2021-11-20,34.2,31.500000000000004,4.5,3.6,3.75,2.0,48.400000000000006,10.0,38.4,16.8,6.0,134.4
2021-11-21,32.4,30.45,6.0,3.6,6.25,3.0,75.9,18.0,52.8,12.0,34.0,205.2
2021-11-22,12.6,19.950000000000003,0.0,7.2,10.0,4.0,18.700000000000003,6.0,14.399999999999999,7.199999999999999,2.0,97.2
2021-11-23,20.7,17.85,6.0,9.0,6.25,1.0,4.4,0.0,19.2,12.0,4.0,81.6
2021-11-25,22.5,31.5,9.0,5.4,12.5,4.0,22.0,0.0,14.399999999999999,12.0,6.0,102.0
2021-11-26,16.2,13.65,6.0,1.8,11.25,5.0,3.3000000000000003,12.0,19.2,12.0,6.0,108.0
2021-11-27,31.5,22.05,3.0,5.4,5.0,3.0,23.1,0.0,25.2,19.2,22.0,141.6
2021-11-28,40.5,36.75,9.0,1.8,11.25,2.0,95.7,14.0,76.8,24.0,52.0,171.6
2021-11-29,25.2,16.8,7.5,7.2,6.25,6.0,17.6,0.0,22.8,12.0,2.0,100.8
2021-11-30,18.900000000000002,14.700000000000001,7.5,7.2,8.75,1.0,18.700000000000003,10.0,26.4,14.399999999999999,18.0,112.8
2021-12-02,14.4,16.8,1.5,7.2,7.5,4.0,20.900000000000002,6.0,21.599999999999998,12.0,4.0,81.6
2021-12-03,24.3,14.700000000000001,6.0,1.8,7.5,12.0,36.300000000000004,0.0,37.199999999999996,14.399999999999999,6.0,72.0
2021-12-04,18.0,27.3,4.5,7.2,8.75,8.0,12.100000000000001,0.0,25.2,14.399999999999999,12.0,128.4
2021-12-05,36.0,31.5,15.0,18.0,12.5,4.0,79.2,26.0,56.4,28.799999999999997,32.0,177.6
2021-12-09,18.9,19.95,4.5,5.4,10.0,2.0,42.900000000000006,0.0,19.2,4.8,0.0,64.8
2021-12-10,16.2,8.4,1.5,0.0,12.5,6.0,11.0,4.0,30.0,14.4,8.0,91.2
2021-12-11,29.7,19.95,7.5,9.0,2.5,7.0,37.400000000000006,2.0,46.8,14.399999999999999,6.0,133.2
2021-12-12,29.7,43.050000000000004,10.5,1.8,12.5,6.0,77.0,30.0,57.6,24.0,24.0,166.79999999999998
2021-12-13,17.1,26.25,4.5,5.4,10.0,3.0,14.3,4.0,13.2,9.6,8.0,98.39999999999999
2021-12-14,16.2,15.75,9.0,7.2,11.25,4.0,29.700000000000003,2.0,21.599999999999998,14.399999999999999,12.0,93.6
2021-12-16,17.1,14.700000000000001,1.5,9.0,6.25,5.0,26.400000000000002,0.0,20.4,19.2,18.0,97.2
2021-12-17,27.0,27.3,9.0,9.0,3.75,3.0,46.2,8.0,51.599999999999994,16.8,6.0,114.0
2021-12-18,32.4,25.200000000000003,6.0,9.0,3.75,8.0,39.6,8.0,33.6,19.2,8.0,152.4
2021-12-19,31.5,32.550000000000004,6.0,9.0,25.0,2.0,82.5,16.0,74.39999999999999,21.599999999999998,24.0,223.2
2021-12-20,23.400000000000002,27.3,12.0,5.4,17.5,3.0,38.5,12.0,40.8,28.799999999999997,6.0,133.2
2021-12-21,24.3,30.450000000000003,7.5,9.0,13.75,10.0,38.5,4.0,39.6,16.799999999999997,12.0,139.2
2021-12-22,16.2,31.5,4.5,9.0,25.0,8.0,16.5,0.0,19.2,19.2,4.0,145.2
2021-12-23,26.1,26.25,4.5,12.6,22.5,10.0,35.2,12.0,34.8,28.799999999999997,8.0,166.79999999999998
2021-12-24,32.4,44.1,28.5,41.4,20.0,9.0,39.6,6.0,44.4,43.199999999999996,34.0,399.59999999999997
2021-12-25,28.8,31.5,18.0,9.0,10.0,4.0,79.2,0.0,73.19999999999999,21.599999999999998,0.0,270.0
2021-12-26,28.8,35.7,63.0,27.0,25.0,10.0,72.60000000000001,20.0,70.8,28.799999999999997,6.0,294.0
2021-12-27,32.4,34.65,9.0,7.2,23.75,1.0,27.5,2.0,44.4,26.4,2.0,241.2
2021-12-28,36.9,45.150000000000006,7.5,16.2,21.25,7.0,39.6,0.0,32.4,26.4,10.0,190.79999999999998
2021-12-29,31.5,31.5,4.5,14.4,11.25,1.0,27.5,10.0,45.6,24.0,0.0,174.0
2021-12-30,26.1,27.3,3.0,14.4,16.25,7.0,31.900000000000002,20.0,26.4,24.0,12.0,214.79999999999998
2021-12-31,44.1,43.050000000000004,22.5,19.8,25.0,8.0,55.0,16.0,36.0,38.4,18.0,301.2
2022-01-02,49.5,70.35000000000001,18.0,19.8,20.0,6.0,75.9,32.0,85.19999999999999,33.6,0.0,328.8
2022-01-03,13.5,14.700000000000001,7.5,3.6,11.25,10.0,18.700000000000003,16.0,26.4,14.399999999999999,0.0,152.4
2022-01-04,0.9,2.1,4.5,1.8,3.75,2.0,1.1,4.0,7.2,4.8,0.0,32.4
2022-01-06,20.7,24.150000000000002,6.0,9.0,5.0,11.0,30.8,4.0,27.599999999999998,16.8,14.0,93.6
2022-01-07,12.6,18.900000000000002,9.0,1.8,7.5,6.0,12.100000000000001,4.0,14.4,9.6,4.0,105.6
2022-01-08,18.0,21.0,9.0,3.6,11.25,4.0,24.200000000000003,2.0,22.799999999999997,9.6,16.0,100.8
2022-01-09,24.3,34.65,12.0,1.8,6.25,2.0,61.6,10.0,39.599999999999994,12.0,0.0,204.0
2022-01-10,20.7,18.900000000000002,1.5,1.8,5.0,2.0,12.100000000000001,6.0,16.8,9.6,0.0,103.2
2022-01-11,13.5,17.85,9.0,3.6,3.75,8.0,18.700000000000003,8.0,20.4,21.599999999999998,10.0,86.39999999999999
2022-01-13,13.5,23.1,3.0,7.2,12.5,6.0,22.0,0.0,8.399999999999999,4.8,2.0,81.6
2022-01-14,17.1,15.750000000000002,3.0,0.0,10.0,5.0,29.700000000000003,4.0,22.799999999999997,9.6,10.0,102.0
2022-01-15,24.3,16.8,7.5,3.6,3.75,4.0,28.6,12.0,26.4,12.0,4.0,123.6
2022-01-16,29.7,27.3,9.0,9.0,11.25,3.0,69.3,18.0,62.4,14.399999999999999,14.0,158.4
2022-01-17,17.1,16.8,1.5,1.8,10.0,3.0,14.3,0.0,12.0,31.2,0.0,111.6
2022-01-18,16.2,16.8,1.5,7.2,3.75,2.0,23.1,0.0,16.8,14.399999999999999,4.0,88.8
2022-01-20,18.0,24.150000000000002,4.5,7.2,8.75,5.0,19.8,0.0,27.599999999999998,14.399999999999999,14.0,98.39999999999999
2022-01-21,20.7,16.8,3.0,9.0,11.25,5.0,11.0,0.0,36.0,9.6,4.0,96.0
2022-01-22,26.1,13.65,3.0,5.4,8.75,6.0,41.800000000000004,16.0,14.4,16.8,4.0,153.6
2022-01-23,45.9,43.050000000000004,9.0,9.0,11.25,7.0,62.7,36.0,45.599999999999994,21.599999999999998,28.0,158.4
2022-01-24,17.1,18.9,9.0,9.0,10.0,3.0,9.9,0.0,8.4,19.2,4.0,102.0
2022-01-25,21.6,7.3500000000000005,6.0,7.2,6.25,2.0,12.100000000000001,0.0,27.599999999999998,19.2,4.0,97.19999999999999
2022-01-27,25.2,25.200000000000003,6.0,9.0,10.0,6.0,25.3,0.0,27.599999999999998,9.6,8.0,121.19999999999999
2022-01-28,20.7,10.5,3.0,9.0,3.75,7.0,42.900000000000006,0.0,34.8,14.399999999999999,6.0,74.39999999999999
2022-01-29,21.6,19.950000000000003,1.5,3.6,10.0,4.0,34.1,4.0,34.8,21.599999999999998,24.0,112.8
2022-01-30,31.5,42.0,9.0,9.0,12.5,4.0,52.800000000000004,40.0,56.4,19.2,10.0,180.0
2022-01-31,15.3,24.150000000000002,4.5,3.6,8.75,5.0,18.700000000000003,6.0,14.4,9.6,14.0,99.6
2022-02-01,22.5,24.150000000000002,6.0,1.8,7.5,0.0,9.9,0.0,14.399999999999999,9.6,2.0,115.2
2022-02-03,20.7,13.65,6.0,9.0,6.25,3.0,23.1,0.0,24.0,12.0,14.0,97.19999999999999
2022-02-04,18.900000000000002,14.700000000000001,4.5,3.6,3.75,14.0,16.5,6.0,9.6,9.6,10.0,94.8
2022-02-05,21.6,32.550000000000004,10.5,9.0,7.5,3.0,26.400000000000002,18.0,22.799999999999997,16.8,28.0,121.19999999999999
2022-02-06,49.5,43.050000000000004,19.5,10.8,11.25,8.0,84.7,22.0,45.599999999999994,19.2,14.0,194.4
2022-02-07,25.65,41.800000000000004,9.600000000000001,3.8,11.700000000000001,3.3000000000000003,14.95,8.4,17.5,12.5,12.600000000000001,126.25
2022-02-08,28.5,23.1,6.4,9.5,9.100000000000001,7.700000000000001,5.75,4.2,28.75,20.0,14.7,106.25
2022-02-10,22.799999999999997,26.400000000000002,9.600000000000001,9.5,9.100000000000001,5.5,35.65,0.0,33.75,15.0,10.5,118.75
2022-02-11,21.849999999999998,24.200000000000003,4.800000000000001,5.699999999999999,5.2,9.9,18.4,33.6,28.75,7.5,12.600000000000001,106.25
2022-02-12,19.95,31.900000000000002,9.600000000000001,9.5,13.0,5.5,37.949999999999996,10.5,21.25,25.0,12.600000000000001,195.0
2022-02-13,42.75,33.0,19.200000000000003,22.799999999999997,22.1,4.4,89.69999999999999,35.7,65.0,35.0,35.7,241.25
2022-02-14,26.599999999999998,31.900000000000002,3.2,7.6,13.0,8.8,25.3,2.1,22.5,17.5,10.5,157.5
2022-02-15,29.45,39.6,17.6,9.5,13.0,8.8,62.099999999999994,6.300000000000001,57.5,25.0,0.0,175.0
2022-02-17,33.25,31.900000000000002,12.8,9.5,13.0,5.5,12.65,0.0,32.5,25.0,10.5,195.0
2022-02-18,37.05,34.1,14.4,9.5,13.0,8.8,19.549999999999997,29.400000000000002,57.5,22.5,23.1,191.25
2022-02-19,42.75,46.2,16.0,0.0,13.0,13.200000000000001,50.599999999999994,16.8,35.0,32.5,27.300000000000004,222.5
2022-02-20,40.849999999999994,46.2,20.8,17.099999999999998,13.0,8.8,110.39999999999999,8.4,108.75,22.5,60.900000000000006,347.5
2022-02-21,22.799999999999997,24.200000000000003,12.8,9.5,5.2,5.5,20.7,0.0,20.0,20.0,4.2,140.0
2022-02-22,29.45,30.8,12.8,11.399999999999999,13.0,1.1,32.199999999999996,0.0,25.0,32.5,0.0,165.0
2022-02-24,29.45,35.2,19.200000000000003,9.5,13.0,7.700000000000001,23.0,0.0,42.5,22.5,25.200000000000003,192.5
2022-02-25,33.25,33.0,16.0,13.299999999999999,13.0,8.8,14.95,37.800000000000004,46.25,22.5,27.3,178.75
2022-02-26,36.1,41.800000000000004,14.4,19.0,13.0,13.200000000000001,50.599999999999994,21.0,47.5,35.0,29.400000000000002,252.5
2022-02-27,57.949999999999996,72.60000000000001,28.8,24.7,11.700000000000001,6.6000000000000005,105.8,58.800000000000004,85.0,25.0,84.0,342.5
2022-02-28,21.849999999999998,20.900000000000002,12.8,7.6,9.1,8.8,17.25,14.700000000000001,18.75,25.0,16.8,192.5
2022-03-01,26.599999999999998,33.0,12.8,15.2,11.700000000000001,5.5,17.25,12.600000000000001,21.25,25.0,12.600000000000001,183.75
2022-03-02,9.5,22.0,3.2,9.5,14.3,6.6000000000000005,27.599999999999998,16.8,18.75,12.5,10.5,148.75
2022-03-03,22.799999999999997,33.0,9.600000000000001,11.399999999999999,5.2,2.2,12.649999999999999,2.1,27.5,12.5,12.6,152.5
2022-03-04,24.7,33.0,11.200000000000001,15.2,13.0,7.700000000000001,29.9,2.1,28.75,25.0,0.0,175.0
2022-03-05,37.05,44.0,16.0,17.099999999999998,13.0,5.5,59.8,27.3,56.25,22.5,27.3,248.75
2022-03-06,44.65,58.300000000000004,20.8,22.799999999999997,13.0,2.2,82.8,46.2,95.0,37.5,58.800000000000004,313.75
2022-03-07,23.75,27.500000000000004,14.4,7.6,3.9000000000000004,4.4,34.5,4.2,28.75,22.5,2.1,176.25
2022-03-08,23.75,33.0,9.600000000000001,9.5,10.4,11.0,24.15,0.0,25.0,10.0,21.0,90.0
2022-03-09,16.15,12.100000000000001,4.800000000000001,1.9,1.3,1.1,21.849999999999998,2.1,38.75,7.5,18.9,68.75
2022-03-10,18.049999999999997,24.200000000000003,6.4,0.0,7.800000000000001,3.3000000000000003,25.299999999999997,8.4,22.5,10.0,18.900000000000002,82.5
2022-03-11,24.7,26.400000000000002,8.0,7.6,3.9000000000000004,3.3000000000000003,19.55,4.2,15.0,0.0,0.0,96.25
2022-03-12,25.65,26.400000000000002,9.600000000000001,9.5,10.4,4.4,25.299999999999997,4.2,33.75,7.5,18.9,120.0
2022-03-13,34.199999999999996,34.1,16.0,9.5,13.0,7.699999999999999,65.55,23.1,62.5,17.5,33.6,225.0
2022-03-14,22.799999999999997,30.800000000000004,4.800000000000001,7.6,6.5,5.5,26.45,6.300000000000001,16.25,17.5,0.0,108.75
2022-03-15,25.65,20.900000000000002,6.4,7.6,2.6,5.5,13.799999999999999,2.1,25.0,12.5,6.300000000000001,93.75
2022-03-16,19.0,13.200000000000001,4.800000000000001,1.9,0.0,0.0,25.299999999999997,6.300000000000001,30.0,5.0,10.5,62.5
2022-03-17,9.5,27.5,8.0,7.6,7.8,6.6000000000000005,13.799999999999999,0.0,22.5,10.0,18.900000000000002,82.5
2022-03-18,16.15,26.400000000000002,4.800000000000001,1.9,14.3,9.9,28.75,8.4,35.0,12.5,8.4,96.25
2022-03-19,26.599999999999998,33.0,6.4,9.5,5.2,1.1,32.199999999999996,16.8,38.75,12.5,18.9,162.5
2022-03-20,30.4,49.50000000000001,9.600000000000001,5.699999999999999,10.4,3.3000000000000003,108.1,27.300000000000004,100.0,20.0,23.1,277.5
2022-03-21,28.5,33.0,9.600000000000001,9.5,11.700000000000001,0.0,32.199999999999996,2.1,32.5,15.0,10.5,117.5
2022-03-22,16.15,27.500000000000004,9.600000000000001,9.5,3.9000000000000004,3.3000000000000003,31.049999999999997,0.0,21.25,15.0,8.4,107.5
2022-03-23,15.2,14.3,4.800000000000001,7.6,3.9000000000000004,2.2,35.65,8.4,40.0,5.0,10.5,95.0
2022-03-24,11.399999999999999,22.0,8.0,1.9,11.700000000000001,2.2,23.0,4.2,36.25,7.5,10.5,90.0
2022-03-25,24.7,18.700000000000003,8.0,3.8,2.6,5.5,43.699999999999996,8.4,36.25,15.0,10.5,102.5
2022-03-26,30.4,44.0,12.8,9.5,13.000000000000002,8.8,52.9,10.5,52.5,20.0,21.0,207.5
2022-03-27,39.9,35.2,6.4,22.799999999999997,13.0,2.2,109.25,16.8,81.25,25.0,23.1,207.5
2022-03-28,21.849999999999998,25.3,9.600000000000001,1.9,13.0,1.1,19.549999999999997,8.4,13.75,15.0,16.8,141.25
2022-03-29,19.0,16.5,9.600000000000001,7.6,6.5,4.4,16.099999999999998,2.1,21.25,17.5,4.2,125.0
2022-03-30,14.25,15.400000000000002,1.6,3.8,2.6,4.4,19.549999999999997,0.0,25.0,10.0,8.4,85.0
2022-03-31,23.75,18.700000000000003,4.800000000000001,3.8,2.6,0.0,14.95,0.0,15.0,12.5,12.600000000000001,102.5
2022-04-01,27.549999999999997,16.5,4.800000000000001,7.6,10.4,5.5,26.45,14.700000000000001,41.25,15.0,14.700000000000001,98.75
2022-04-02,21.85,23.1,1.6,3.8,7.800000000000001,11.0,43.699999999999996,14.700000000000001,31.25,20.0,16.8,133.75
2022-04-03,30.4,44.0,12.8,9.5,13.0,0.0,79.35,29.400000000000002,40.0,17.5,14.7,236.25
2022-04-04,15.2,33.0,1.6,5.699999999999999,6.5,1.1,33.349999999999994,0.0,25.0,7.5,6.300000000000001,116.25
2022-04-05,14.25,24.200000000000003,6.4,3.8,13.0,5.5,21.849999999999998,10.5,27.5,15.0,29.4,102.5
2022-04-06,25.65,12.100000000000001,0.0,7.6,7.8,2.2,27.599999999999998,6.300000000000001,10.0,0.0,12.600000000000001,81.25
2022-04-07,13.299999999999999,24.200000000000003,9.600000000000001,1.9,6.5,1.1,31.049999999999997,6.300000000000001,35.0,7.5,14.700000000000001,108.75
2022-04-08,21.849999999999998,9.9,8.0,9.5,3.9000000000000004,0.0,19.55,6.300000000000001,16.25,10.0,21.0,78.75
2022-04-09,34.199999999999996,33.0,1.6,3.8,9.100000000000001,2.2,33.35,10.5,40.0,15.0,12.600000000000001,148.75
2022-04-10,45.599999999999994,36.300000000000004,9.600000000000001,15.2,15.600000000000001,5.5,98.89999999999999,29.400000000000002,57.5,20.0,23.1,226.25
2022-04-11,32.3,31.900000000000002,16.0,7.6,7.800000000000001,8.8,20.7,2.1,26.25,20.0,10.5,171.25
2022-04-12,15.2,28.6,8.0,9.5,13.0,4.4,25.299999999999997,0.0,33.75,17.5,12.600000000000001,133.75
2022-04-13,34.199999999999996,20.900000000000002,1.6,1.9,7.800000000000001,5.5,24.15,16.8,17.5,12.5,0.0,125.0
2022-04-14,27.549999999999997,34.1,14.400000000000002,11.399999999999999,14.3,3.3000000000000003,40.25,6.300000000000001,26.25,27.5,21.0,128.75
2022-04-15,36.099999999999994,44.0,16.0,19.0,13.0,8.8,21.849999999999998,12.600000000000001,38.75,25.0,16.8,170.0
2022-04-16,54.15,60.50000000000001,24.0,24.7,24.7,6.6000000000000005,94.3,23.1,101.25,42.5,27.3,383.75
2022-04-17,34.199999999999996,38.5,12.8,24.7,14.3,2.2,156.39999999999998,4.2,131.25,30.0,12.600000000000001,348.75
2022-04-18,64.6,92.4,24.0,22.799999999999997,26.0,2.2,124.19999999999999,33.6,106.25,37.5,33.6,467.5
2022-04-19,26.599999999999998,33.0,9.600000000000001,19.0,10.4,11.0,55.199999999999996,0.0,58.75,25.0,0.0,172.5
2022-04-20,19.0,46.2,4.800000000000001,7.6,20.8,7.700000000000001,39.099999999999994,2.1,32.5,20.0,14.700000000000001,202.5
2022-04-21,44.65,51.7,16.0,19.0,26.0,9.9,40.25,31.5,53.75,25.0,10.5,292.5
2022-04-22,26.599999999999998,45.1,12.8,9.5,18.200000000000003,17.6,26.449999999999996,27.3,53.75,22.5,25.2,193.75
2022-04-23,30.4,39.6,12.8,9.5,14.3,12.100000000000001,47.15,16.8,45.0,20.0,8.4,168.75
2022-04-24,38.949999999999996,47.300000000000004,16.0,17.099999999999998,26.0,5.5,97.75,27.3,83.75,25.0,25.200000000000003,255.0
2022-04-25,22.799999999999997,28.6,8.0,3.8,13.0,6.6000000000000005,27.599999999999998,10.5,33.75,20.0,4.2,202.5
2022-04-26,18.05,15.400000000000002,3.2,7.6,10.4,4.4,23.0,0.0,35.0,20.0,6.300000000000001,136.25
2022-04-27,18.05,25.300000000000004,12.8,19.0,19.5,4.4,16.1,23.1,31.25,20.0,12.600000000000001,170.0
2022-04-28,20.9,29.700000000000003,9.600000000000001,5.699999999999999,14.3,4.4,16.099999999999998,4.2,23.75,22.5,6.300000000000001,157.5
2022-04-29,23.75,29.700000000000003,8.0,11.399999999999999,20.8,5.5,41.4,8.4,53.75,15.0,6.300000000000001,145.0
2022-04-30,49.4,49.50000000000001,16.0,19.0,26.0,4.4,75.89999999999999,8.4,65.0,25.0,25.200000000000003,345.0
2022-05-01,60.8,64.9,22.400000000000002,19.0,26.0,9.9,147.2,18.9,112.5,27.5,75.60000000000001,388.75
2022-05-02,22.799999999999997,33.0,11.200000000000001,7.6,24.700000000000003,5.5,39.099999999999994,14.700000000000001,42.5,20.0,8.4,265.0
2022-05-03,20.9,17.6,9.600000000000001,9.5,2.6,9.9,21.849999999999998,12.600000000000001,21.25,20.0,14.700000000000001,197.5
2022-05-05,16.15,39.6,12.8,15.2,14.3,5.5,33.35,0.0,40.0,22.5,6.300000000000001,190.0
2022-05-06,38.0,24.200000000000003,14.400000000000002,13.299999999999999,14.3,0.0,14.95,6.300000000000001,23.75,25.0,39.900000000000006,171.25
2022-05-07,34.199999999999996,39.6,16.0,9.5,20.8,2.2,50.599999999999994,12.600000000000001,46.25,25.0,14.7,238.75
2022-05-08,42.75,45.1,16.0,19.0,26.0,9.9,100.05,29.400000000000002,97.5,30.0,35.7,313.75
2022-05-09,19.95,26.400000000000002,3.2,7.6,7.800000000000001,3.3000000000000003,19.549999999999997,14.700000000000001,20.0,17.5,6.300000000000001,202.5
2022-05-10,17.099999999999998,16.5,4.800000000000001,3.8,14.3,6.6000000000000005,20.7,0.0,26.25,20.0,0.0,151.25
2022-05-11,25.65,15.400000000000002,8.0,7.6,9.100000000000001,7.7,19.549999999999997,10.5,26.25,15.0,18.900000000000002,120.0
2022-05-12,22.8,30.8,1.6,3.8,11.7,9.9,23.0,12.600000000000001,25.0,20.0,2.1,113.75
2022-05-13,20.9,33.0,12.8,9.5,7.800000000000001,2.2,13.799999999999999,10.5,31.25,7.5,10.5,112.5
2022-05-14,35.15,31.900000000000002,16.0,9.5,11.700000000000001,3.3000000000000003,35.65,0.0,35.0,25.0,23.1,218.75
2022-05-15,47.5,41.800000000000004,16.0,19.0,23.400000000000002,0.0,111.55,37.800000000000004,96.25,25.0,52.5,333.75
2022-05-16,35.15,29.700000000000003,9.600000000000001,7.6,11.700000000000001,5.5,31.049999999999997,2.1,27.5,20.0,8.4,167.5
2022-05-17,21.849999999999998,23.1,6.4,9.5,2.6,2.2,21.85,2.1,13.75,20.0,0.0,127.5
2022-05-18,23.75,33.0,12.8,9.5,10.4,7.700000000000001,19.549999999999997,2.1,22.5,20.0,25.200000000000003,107.5
2022-05-19,18.05,37.400000000000006,11.200000000000001,11.399999999999999,7.800000000000001,5.5,11.5,0.0,36.25,17.5,18.9,121.25
2022-05-20,27.549999999999997,26.400000000000002,17.6,1.9,2.6,4.4,24.15,12.600000000000001,31.25,20.0,8.4,151.25
2022-05-21,42.75,45.1,4.800000000000001,3.8,11.700000000000001,11.0,74.75,4.2,71.25,22.5,12.6,193.75
2022-05-22,54.15,34.1,19.200000000000003,19.0,27.3,6.6000000000000005,109.25,29.400000000000002,82.5,25.0,25.200000000000003,277.5
2022-05-23,26.599999999999998,26.400000000000002,4.800000000000001,5.699999999999999,6.5,3.3000000000000003,20.7,0.0,17.5,20.0,2.1,143.75
2022-05-24,19.0,31.900000000000002,8.0,7.6,13.0,2.2,26.449999999999996,0.0,26.25,12.5,16.8,162.5
2022-05-25,29.45,44.0,14.4,19.0,13.0,4.4,21.849999999999998,0.0,23.75,25.0,21.0,246.25
2022-05-26,42.75,85.80000000000001,32.0,19.0,24.7,3.3000000000000003,125.35,10.5,93.75,37.5,23.1,491.25
2022-05-27,60.8,84.7,32.0,13.299999999999999,26.0,11.0,159.85,6.300000000000001,135.0,50.0,12.600000000000001,425.0
2022-05-28,52.25,89.10000000000001,19.200000000000003,22.799999999999997,26.0,16.5,128.79999999999998,8.4,121.25,50.0,25.200000000000003,556.25
2022-05-29,67.44999999999999,114.4,28.8,22.799999999999997,26.0,11.0,218.5,56.7,196.25,50.0,69.3,593.75
2022-05-30,33.25,29.700000000000003,11.200000000000001,9.5,13.0,6.6000000000000005,39.099999999999994,12.600000000000001,35.0,20.0,23.1,198.75
2022-05-31,27.549999999999997,20.900000000000002,12.8,9.5,13.000000000000002,2.2,12.649999999999999,6.300000000000001,23.75,20.0,14.700000000000001,141.25
2022-06-01,31.349999999999998,30.800000000000004,6.4,5.699999999999999,13.0,6.6000000000000005,40.25,12.600000000000001,36.25,15.0,25.200000000000003,148.75
2022-06-02,31.349999999999998,31.900000000000002,11.200000000000001,5.699999999999999,10.4,1.1,25.299999999999997,0.0,23.75,15.0,12.6,141.25
2022-06-03,34.199999999999996,31.900000000000002,8.0,9.5,11.7,1.1,37.949999999999996,10.5,32.5,20.0,8.4,177.5
2022-06-04,34.199999999999996,53.900000000000006,22.400000000000002,26.599999999999998,26.0,1.1,82.8,10.5,55.0,37.5,16.8,243.75
2022-06-05,81.7,67.10000000000001,32.0,30.4,18.200000000000003,13.2,151.79999999999998,35.7,161.25,40.0,58.800000000000004,465.0
2022-06-06,58.9,46.2,25.6,26.599999999999998,22.1,8.8,135.7,23.1,147.5,37.5,37.800000000000004,418.75
2022-06-07,41.8,33.0,8.0,9.5,13.0,9.9,17.25,8.4,32.5,20.0,18.9,137.5
2022-06-08,34.199999999999996,31.900000000000002,8.0,9.5,5.2,1.1,16.099999999999998,0.0,20.0,15.0,2.1,116.25
2022-06-09,17.099999999999998,28.6,8.0,7.6,6.5,0.0,33.349999999999994,8.4,30.0,15.0,10.5,160.0
2022-06-10,15.2,17.6,6.4,5.699999999999999,9.1,1.1,21.849999999999998,2.1,26.25,5.0,23.1,146.25
2022-06-11,39.9,41.800000000000004,19.200000000000003,7.6,0.0,12.100000000000001,71.3,2.1,75.0,12.5,29.400000000000002,272.5
2022-06-12,44.65,39.6,12.8,19.0,16.900000000000002,9.9,100.05,25.200000000000003,105.0,30.0,25.200000000000003,305.0
2022-06-13,37.05,30.800000000000004,8.0,9.5,10.4,9.9,22.999999999999996,12.600000000000001,41.25,17.5,4.2,148.75
2022-06-14,32.3,30.800000000000004,4.800000000000001,7.6,7.800000000000001,0.0,27.599999999999998,0.0,33.75,15.0,8.4,162.5
2022-06-15,30.4,33.0,6.4,9.5,5.2,3.3000000000000003,26.45,14.7,18.75,17.5,4.2,170.0
2022-06-16,23.75,22.0,9.600000000000001,1.9,10.4,1.1,26.45,4.2,36.25,17.5,14.700000000000001,143.75
2022-06-17,19.95,33.0,11.200000000000001,9.5,13.0,6.6000000000000005,19.549999999999997,6.300000000000001,18.75,12.5,18.900000000000002,150.0
2022-06-18,36.099999999999994,44.0,19.200000000000003,19.0,13.0,6.6000000000000005,86.25,6.300000000000001,55.0,17.5,21.0,276.25
2022-06-19,49.4,59.400000000000006,19.200000000000003,19.0,26.0,8.8,131.1,39.900000000000006,113.75,30.0,52.5,352.5
2022-06-20,15.2,34.1,8.0,5.699999999999999,5.2,3.3000000000000003,43.699999999999996,0.0,35.0,20.0,10.5,161.25
2022-06-21,26.599999999999998,33.0,11.200000000000001,9.5,7.800000000000001,5.5,41.4,0.0,50.0,20.0,8.4,153.75
2022-06-22,19.0,31.900000000000002,8.0,3.8,9.1,3.3000000000000003,34.5,0.0,37.5,20.0,16.8,120.0
2022-06-23,31.349999999999998,20.900000000000002,6.4,9.5,6.5,2.2,46.0,21.0,36.25,10.0,6.300000000000001,162.5
2022-06-24,29.45,26.400000000000002,11.200000000000001,9.5,13.0,7.700000000000001,42.55,6.300000000000001,42.5,17.5,10.5,181.25
2022-06-25,31.349999999999998,34.1,17.6,15.2,11.7,12.100000000000001,52.9,0.0,42.5,30.0,6.300000000000001,285.0
2022-06-26,41.8,39.6,19.200000000000003,19.0,20.8,3.3000000000000003,111.55,33.6,85.0,30.0,31.5,333.75
2022-06-27,27.55,33.0,12.8,9.5,10.4,2.2,51.75,0.0,25.0,20.0,10.5,217.5
2022-06-28,30.4,34.25,9.600000000000001,7.699999999999999,0.0,4.4,14.95,0.0,23.8,15.0,6.300000000000001,163.65
2022-06-29,17.0,31.049999999999997,10.2,0.0,0.0,5.5,18.0,17.6,20.8,28.6,4.4,178.10000000000002
2022-06-30,27.0,27.599999999999998,3.4,10.0,12.15,4.4,30.0,0.0,53.300000000000004,26.0,19.8,192.4
2022-07-01,39.0,40.25,8.5,10.0,9.450000000000001,8.8,40.8,17.6,50.7,23.400000000000002,8.8,171.6
2022-07-02,42.0,41.4,11.9,16.0,10.8,11.0,39.6,11.0,49.400000000000006,28.6,22.0,263.90000000000003
2022-07-03,74.0,89.69999999999999,25.5,18.0,20.25,7.700000000000001,115.19999999999999,48.400000000000006,78.0,39.0,85.80000000000001,404.3
2022-07-04,46.0,48.3,17.0,20.0,10.8,2.2,45.599999999999994,6.6000000000000005,33.800000000000004,26.0,6.6000000000000005,241.8
2022-07-05,29.0,41.4,15.299999999999999,8.0,10.8,15.600000000000001,31.2,13.200000000000001,36.4,18.2,11.0,227.5
2022-07-06,36.0,47.15,13.6,10.0,14.850000000000001,5.75,33.599999999999994,0.0,48.1,18.2,4.4,245.70000000000002
2022-07-07,31.0,37.949999999999996,17.0,12.0,20.25,14.95,31.2,19.8,33.800000000000004,18.2,48.400000000000006,284.7
2022-07-08,33.0,51.74999999999999,10.2,12.0,16.200000000000003,2.3,25.2,11.0,42.9,26.0,11.0,260.0
2022-07-09,35.0,62.099999999999994,34.0,16.0,25.650000000000002,0.0,91.2,13.200000000000001,81.9,28.6,33.0,448.5
2022-07-10,57.0,85.1,37.4,26.0,27.0,12.649999999999999,152.4,39.6,137.8,54.6,50.6,517.4
2022-07-11,69.0,78.19999999999999,20.4,22.0,27.0,3.4499999999999997,79.2,6.6000000000000005,70.2,31.200000000000003,17.6,357.5
2022-07-12,56.0,37.949999999999996,11.9,20.0,25.650000000000002,8.049999999999999,50.4,0.0,74.10000000000001,33.800000000000004,2.2,317.2
2022-07-13,51.0,79.35,20.4,30.0,24.300000000000004,11.5,63.599999999999994,11.0,49.400000000000006,36.4,24.200000000000003,353.6
2022-07-14,77.0,119.6,32.3,38.0,44.550000000000004,6.8999999999999995,157.2,24.200000000000003,105.30000000000001,52.0,39.6,603.2
2022-07-15,79.0,103.49999999999999,20.4,28.0,12.15,13.799999999999999,183.6,13.200000000000001,170.3,52.0,22.0,521.3000000000001
2022-07-16,99.0,135.7,79.9,24.0,27.000000000000004,20.7,193.2,28.6,145.6,57.2,35.2,664.3000000000001
2022-07-17,94.0,96.6,32.3,28.0,25.650000000000002,33.349999999999994,235.2,41.800000000000004,179.4,44.2,55.00000000000001,744.9
2022-07-18,50.0,62.099999999999994,20.4,16.0,27.0,24.15,122.39999999999999,19.8,111.80000000000001,39.0,26.400000000000002,484.90000000000003
2022-07-19,36.0,51.74999999999999,20.4,20.0,36.45,17.25,88.8,8.8,67.6,23.400000000000002,0.0,380.90000000000003
2022-07-20,47.0,41.4,18.7,20.0,24.300000000000004,16.099999999999998,61.199999999999996,6.6000000000000005,83.2,39.0,28.6,332.8
2022-07-21,40.0,67.85,8.5,14.0,27.000000000000004,14.95,76.8,19.800000000000004,88.4,23.400000000000002,41.800000000000004,400.40000000000003
2022-07-22,38.0,67.85,8.5,20.0,25.650000000000002,18.4,109.19999999999999,4.4,87.10000000000001,31.200000000000003,4.4,374.40000000000003
2022-07-23,85.0,95.44999999999999,20.4,24.0,27.000000000000004,17.25,134.39999999999998,19.8,107.9,39.0,41.800000000000004,497.90000000000003
2022-07-24,82.0,100.05,30.599999999999998,28.0,27.000000000000004,4.6,183.6,46.2,126.10000000000001,33.800000000000004,46.2,621.4
2022-07-25,63.0,65.55,17.0,18.0,27.000000000000004,12.649999999999999,115.19999999999999,8.8,98.80000000000001,36.4,4.4,507.0
2022-07-26,53.0,69.0,25.5,22.0,21.6,6.8999999999999995,57.6,6.6000000000000005,50.7,39.0,17.6,417.3
2022-07-27,53.0,56.349999999999994,25.5,16.0,25.650000000000002,10.35,58.8,22.0,78.0,18.2,33.0,353.6
2022-07-28,47.0,82.8,18.7,24.0,27.000000000000004,8.049999999999999,69.6,28.6,70.2,23.400000000000002,35.2,408.2
2022-07-29,64.0,48.3,8.5,14.0,22.950000000000003,10.349999999999998,62.4,15.400000000000002,58.5,39.0,28.6,377.0
2022-07-30,68.0,46.0,32.3,28.0,27.0,8.049999999999999,133.2,8.8,132.6,39.0,52.800000000000004,533.0
2022-07-31,70.0,96.6,28.9,38.0,13.5,10.35,252.0,35.2,211.9,46.800000000000004,22.0,707.2
2022-08-01,48.0,83.94999999999999,25.5,28.0,25.650000000000002,13.799999999999999,108.0,6.6000000000000005,109.2,39.0,15.400000000000002,544.7
2022-08-02,49.0,73.6,22.099999999999998,24.0,27.000000000000004,2.3,90.0,11.0,102.7,36.4,50.6,449.8
2022-08-03,57.0,74.75,20.4,26.0,24.300000000000004,5.75,43.199999999999996,11.0,61.1,39.0,4.4,521.3000000000001
2022-08-04,40.0,77.05,17.0,16.0,27.0,8.049999999999999,97.19999999999999,24.200000000000003,81.9,39.0,19.8,497.90000000000003
2022-08-05,70.0,97.74999999999999,17.0,12.0,24.3,10.35,106.8,17.6,100.10000000000001,28.6,13.200000000000001,462.8
2022-08-06,55.0,83.94999999999999,27.2,30.0,25.650000000000006,13.799999999999999,129.6,30.800000000000004,107.9,41.6,13.200000000000001,599.3000000000001
2022-08-07,67.0,79.35,28.9,28.0,25.650000000000002,21.849999999999998,259.2,15.400000000000002,200.20000000000002,46.800000000000004,46.2,796.9
2022-08-08,61.0,102.35,56.099999999999994,30.0,28.35,19.549999999999997,145.2,13.200000000000001,150.8,39.0,39.6,716.3000000000001
2022-08-09,52.0,52.9,23.799999999999997,28.0,22.950000000000003,12.649999999999999,99.6,11.0,91.0,36.4,33.0,594.1
2022-08-10,57.0,85.1,25.5,28.0,25.650000000000002,10.35,120.0,13.200000000000001,88.4,41.6,30.800000000000004,621.4
2022-08-11,51.0,85.1,17.0,30.0,27.000000000000004,18.4,176.4,4.4,122.2,44.2,8.8,600.6
2022-08-12,54.0,77.05,22.1,30.0,27.0,28.749999999999996,153.6,4.4,133.9,39.0,11.0,604.5
2022-08-13,54.0,97.74999999999999,32.3,30.0,27.000000000000004,9.2,207.6,11.0,119.60000000000001,44.2,22.0,703.3000000000001
2022-08-14,81.0,110.39999999999999,47.6,30.0,27.0,27.599999999999998,325.2,50.6,301.6,49.4,39.6,919.1
2022-08-15,60.0,96.6,34.0,32.0,27.000000000000004,12.649999999999999,187.2,26.400000000000002,141.70000000000002,39.0,19.8,760.5
2022-08-16,35.0,81.64999999999999,18.7,36.0,27.0,18.4,81.6,8.8,80.60000000000001,36.4,22.0,542.1
2022-08-17,41.0,44.849999999999994,22.1,24.0,21.6,17.25,80.39999999999999,6.6000000000000005,91.0,41.6,24.200000000000003,538.2
2022-08-18,71.0,80.5,25.5,24.0,25.650000000000002,20.7,144.0,22.0,137.8,31.200000000000003,13.200000000000001,647.4
2022-08-19,53.0,69.0,11.899999999999999,34.0,17.55,20.7,100.8,0.0,91.0,41.6,2.2,486.20000000000005
2022-08-20,61.0,85.1,20.4,32.0,10.8,24.15,130.79999999999998,33.0,107.9,36.4,28.6,587.6
2022-08-21,73.0,83.94999999999999,20.4,54.0,22.950000000000003,17.25,214.79999999999998,22.0,183.3,36.4,41.800000000000004,746.2
2022-08-22,50.0,56.349999999999994,13.6,20.0,27.0,16.1,100.8,8.8,93.60000000000001,28.6,26.400000000000002,479.70000000000005
2022-08-23,42.0,77.05,13.6,16.0,17.55,11.5,58.8,11.0,79.3,26.0,22.0,364.0
2022-08-24,47.0,48.3,17.0,20.0,13.5,10.35,70.8,11.0,78.0,26.0,19.8,404.3
2022-08-25,35.0,42.55,13.6,20.0,18.900000000000002,18.4,61.2,8.8,39.0,31.200000000000003,22.0,354.90000000000003
2022-08-26,37.0,49.449999999999996,15.3,12.0,14.850000000000001,12.649999999999999,62.4,6.6000000000000005,74.10000000000001,18.2,6.6000000000000005,287.3
2022-08-27,43.0,58.65,17.0,12.0,16.200000000000003,8.049999999999999,58.8,15.400000000000002,76.7,20.8,26.400000000000002,375.70000000000005
2022-08-28,46.0,55.199999999999996,17.0,18.0,27.0,13.799999999999999,156.0,37.400000000000006,98.8,31.200000000000003,26.400000000000002,477.1
2022-08-29,39.0,57.49999999999999,13.6,10.0,13.5,5.75,56.4,13.200000000000001,49.400000000000006,20.8,6.6000000000000005,253.5
2022-08-30,35.0,44.849999999999994,13.6,12.0,13.5,9.2,45.599999999999994,2.2,48.1,20.8,19.8,237.9
2022-08-31,16.0,33.349999999999994,3.4,10.0,1.35,11.5,40.8,4.4,55.900000000000006,7.800000000000001,2.2,201.5
2022-09-02,34.0,32.199999999999996,15.299999999999999,10.0,13.500000000000002,14.95,37.199999999999996,6.6000000000000005,33.800000000000004,18.2,15.400000000000002,167.70000000000002
2022-09-03,38.0,49.45,10.2,14.0,10.8,4.6,57.599999999999994,13.200000000000001,39.0,20.8,13.200000000000001,278.2
2022-09-04,43.0,51.74999999999999,11.9,20.0,13.5,11.5,91.2,22.0,50.7,20.8,17.6,335.40000000000003
2022-09-05,21.0,34.5,8.5,8.0,10.8,4.6,57.6,13.200000000000001,58.5,20.8,13.200000000000001,204.1
2022-09-06,20.0,34.5,6.8,10.0,12.15,6.8999999999999995,20.4,2.2,20.8,10.4,19.8,136.5
2022-09-07,18.0,16.099999999999998,8.5,8.0,9.450000000000001,4.6,22.799999999999997,0.0,40.300000000000004,13.0,15.400000000000002,159.9
2022-09-08,20.0,32.199999999999996,8.5,10.0,5.4,10.35,30.0,11.0,35.1,10.4,8.8,149.5
2022-09-09,25.0,28.749999999999996,10.2,6.0,10.8,1.15,44.4,2.2,52.0,15.600000000000001,22.000000000000004,174.20000000000002
2022-09-10,31.0,46.0,8.5,20.0,12.150000000000002,8.05,63.6,13.200000000000001,52.0,46.800000000000004,8.8,235.3
2022-09-11,41.0,43.699999999999996,17.0,20.0,10.8,2.3,135.6,57.2,119.60000000000001,31.200000000000003,30.800000000000004,379.6
2022-09-12,26.0,34.5,17.0,16.0,10.8,2.3,33.6,0.0,23.400000000000002,26.0,17.6,208.0
2022-09-13,27.0,19.549999999999997,3.4,10.0,12.15,2.3,21.6,0.0,33.800000000000004,10.4,2.2,137.8
2022-09-14,22.0,23.0,13.6,10.0,8.100000000000001,1.15,25.2,4.4,26.0,18.2,8.8,154.70000000000002
2022-09-15,26.0,27.599999999999998,11.899999999999999,10.0,5.4,6.8999999999999995,25.2,4.4,32.5,15.600000000000001,4.4,158.6
2022-09-16,25.0,25.299999999999997,5.1,10.0,6.75,2.3,33.6,17.6,35.1,18.2,8.8,170.3
2022-09-17,34.0,28.749999999999996,11.899999999999999,14.0,6.75,2.3,68.39999999999999,4.4,46.800000000000004,28.6,35.2,248.3
2022-09-18,47.0,43.699999999999996,20.4,18.0,10.8,3.4499999999999997,97.19999999999999,26.400000000000002,81.9,31.200000000000003,37.400000000000006,319.8
2022-09-20,20.0,34.5,11.9,10.0,14.850000000000001,8.049999999999999,15.6,0.0,18.2,20.8,0.0,161.20000000000002
2022-09-21,11.0,19.549999999999997,6.8,8.0,5.4,3.4499999999999997,22.8,0.0,29.9,26.0,0.0,140.4
2022-09-22,34.0,34.5,3.4,4.0,8.100000000000001,1.15,34.8,2.2,29.900000000000002,18.2,15.400000000000002,131.3
2022-09-23,12.0,34.5,10.2,6.0,10.8,1.15,33.599999999999994,0.0,49.4,20.8,6.6000000000000005,156.0
2022-09-24,28.0,34.5,6.8,10.0,9.450000000000001,4.6,51.599999999999994,17.6,49.4,20.8,4.4,257.40000000000003
2022-09-25,36.0,34.5,23.799999999999997,20.0,13.500000000000002,9.2,109.19999999999999,28.6,80.60000000000001,31.200000000000003,35.2,344.5
2022-09-26,18.0,34.5,6.8,6.0,10.8,0.0,31.2,0.0,28.6,18.2,6.6000000000000005,208.0
2022-09-27,34.0,34.5,13.6,10.0,13.500000000000002,4.6,30.0,8.8,28.6,20.8,8.8,176.8
2022-09-28,23.0,25.299999999999997,3.4,10.0,4.050000000000001,4.6,24.0,24.200000000000003,22.1,26.0,22.0,149.5
2022-09-29,30.0,34.5,5.1,10.0,0.0,8.049999999999999,32.4,22.0,46.800000000000004,18.2,6.6000000000000005,192.4
2022-09-30,35.0,34.5,17.0,20.0,18.900000000000002,6.8999999999999995,45.599999999999994,13.200000000000001,41.6,26.0,6.6000000000000005,183.3
